{
	"capabilities":
	[
		{
			"browserName": "",
			"version":"",
			"maxInstances": 3,
			"platform":"WINDOWS"
		}
	],
	"configuration":
	{
		"cleanUpCycle":2000,
		"timeout":30000,
		"proxy": "org.openqa.grid.selenium.proxy.DefaultRemoteProxy",
		"url":"http://127.0.0.1:4723/wd/hub",
		"host":"127.0.0.1",
		"port":4723,
		"maxSession":3,
		"register":true,
		"registerCycle":10000,
		"hub": "127.0.0.1:4444/grid/register",
		"hubPort":4444,
		"hubHost":"127.0.0.1",
		"nodeTimeout":120,
		"nodePolling":2000
	}
}